Workbook

Sheet Summary
A1: BalticTrust Bank — GRC Gap Assessment Summary
A2: Metric | B2: Value | C2: Interpretation
A3: Total illustrative gaps | B3: =COUNTA('Gap Assessment'!A2:A15) | C3: Initial portfolio example; validate findings
A4: Critical risk gaps | B4: =COUNTIF('Gap Assessment'!J2:J15,"Critical") | C4: Prioritize immediate management attention
A5: High risk gaps | B5: =COUNTIF('Gap Assessment'!J2:J15,"High") | C5: Plan timely risk treatment
A6: Medium risk gaps | B6: =COUNTIF('Gap Assessment'!J2:J15,"Medium") | C6: Schedule proportionate improvement
A7: Low risk gaps | B7: =COUNTIF('Gap Assessment'!J2:J15,"Low") | C7: Monitor according to risk appetite
A8: Open actions | B8: =COUNTIF('Gap Assessment'!K2:K15,"Open") | C8: Track to owner and target date
A9: In progress | B9: =COUNTIF('Gap Assessment'!K2:K15,"In Progress") | C9: Update as remediation proceeds
A10: Closed | B10: =COUNTIF('Gap Assessment'!K2:K15,"Closed") | C10: Closure requires reviewed evidence

Sheet Read Me
A1: BalticTrust Bank — GRC Gap Assessment
A3: Purpose | B3: Consolidate illustrative gaps from the fictional BalticTrust Bank's risk register, security control catalogue, ISO 27001 mapping, NIST CSF 2.0 mapping, and DORA mapping.
A4: Workbook sheets | B4: Summary: high-level counts. Gap Assessment: findings, risk scores, actions, owners, target dates, and closure evidence. Risk Matrix: scoring definitions.
A5: How to use | B5: Review each illustrative gap against available evidence. Adjust likelihood and impact (1–5), confirm the calculated inherent score and rating, refine the remediation action, assign an accountable owner, and track status.
A6: Risk scoring | B6: Inherent Risk Score = Likelihood × Impact. Rating bands: 1–4 Low; 5–9 Medium; 10–16 High; 17–25 Critical. Adapt to the organization's approved risk methodology and appetite.
A7: Status definitions | B7: Open = not started; In Progress = remediation underway; Blocked = impediment exists; Ready for Review = action reportedly complete and awaiting validation; Closed = closure evidence reviewed; Accepted Risk = formally accepted by authorized role.
A8: Evidence discipline | B8: Do not mark a gap as verified solely because it appears here. Use actual supporting evidence; for this fictional portfolio, label created evidence and assumptions clearly as simulated.
A9: Scope and disclaimer | B9: BalticTrust Bank is fictional. This workbook is an educational portfolio artifact, not a formal audit, legal opinion, or proof of compliance. All initial findings, owners, target dates, and ratings are illustrative assumptions.
A10: Framework alignment | B10: Use the ISO 27001, NIST CSF 2.0, and DORA mappings as references, but validate exact framework applicability and legal obligations separately.
A11: Recommended practice | B11: Review critical/high gaps first, track remediation, and only close findings when evidence has been reviewed and the control's effectiveness is reasonably demonstrated.

Sheet Gap Assessment
A1: Gap ID | B1: Domain | C1: Assessment Finding / Gap | D1: Related Internal Control | E1: Related Framework(s) | F1: Evidence / Basis | G1: Likelihood (1-5) | H1: Impact (1-5) | I1: Inherent Risk Score | J1: Risk Rating | K1: Current Status | L1: Recommended Remediation | M1: Accountable Owner | N1: Target Date | O1: Residual Risk / Notes | P1: Closure Evidence
A2: GAP-001 | B2: Governance | C2: Formal periodic cybersecurity risk oversight and documented management review need to be evidenced. | D2: Cybersecurity governance and risk oversight | E2: NIST CSF 2.0; ISO 27001; DORA | F2: Illustrative assumption from framework mapping; validate against meeting records and governance documents. | G2: 3 | H2: 5 | I2: =G2*H2 | J2: =IF(I2>=17,"Critical",IF(I2>=10,"High",IF(I2>=5,"Medium","Low"))) | K2: Open | L2: Establish quarterly ICT/cyber risk reporting, record decisions and action owners, and track follow-up to closure. | M2: Risk & Compliance Lead | N2: 46402 | O2: Reassess after governance process and evidence are in place. | P2: Committee minutes; management dashboard; action log
A3: GAP-002 | B3: Policy & Compliance | C3: Security policies need clear approval, ownership, review cadence, and evidence of communication. | D3: Cybersecurity policies and standards | E3: ISO 27001; NIST CSF 2.0; DORA | F3: Illustrative assumption; validate policy set, approvals, version history, and staff acknowledgements. | G3: 3 | H3: 4 | I3: =G3*H3 | J3: =IF(I3>=17,"Critical",IF(I3>=10,"High",IF(I3>=5,"Medium","Low"))) | K3: Open | L3: Create or update policy register; assign owners; obtain approval; define annual review and communication process. | M3: CISO / Security Lead | N3: 46407 | O3: Confirm policy scope and applicable obligations. | P3: Approved policies; policy register; acknowledgement records
A4: GAP-003 | B4: Asset Management | C4: Asset records may lack complete ownership, criticality, lifecycle, and dependency details. | D4: Hardware and infrastructure asset inventory | E4: ISO 27001; NIST CSF 2.0; DORA | F4: Review 02-Asset-Inventory workbook and validate fields with asset owners. | G4: 4 | H4: 4 | I4: =G4*H4 | J4: =IF(I4>=17,"Critical",IF(I4>=10,"High",IF(I4>=5,"Medium","Low"))) | K4: Open | L4: Reconcile hardware/software inventories; assign owners and criticality; map critical services to supporting assets and suppliers. | M4: IT Operations Manager | N4: 46376 | O4: Residual risk depends on completeness and reconciliation results. | P4: Updated asset inventory; reconciliation log; service dependency map
A5: GAP-004 | B5: Risk Management | C5: Risk scoring and treatment decisions require a consistent documented method and approval trail. | D5: Risk assessment and risk register | E5: ISO 27001; NIST CSF 2.0; DORA | F5: Review 03-Risk-Assessment/Risk-Register.xlsx and validate methodology, treatment, and acceptance records. | G5: 4 | H5: 5 | I5: =G5*H5 | J5: =IF(I5>=17,"Critical",IF(I5>=10,"High",IF(I5>=5,"Medium","Low"))) | K5: Open | L5: Document likelihood/impact criteria; link risks to controls; record treatment decisions, owners, due dates, and residual-risk approvals. | M5: ICT Risk Manager | N5: 46378 | O5: Re-score after treatment evidence is available. | P5: Risk methodology; updated risk register; acceptance approvals
A6: GAP-005 | B6: Identity & Access | C6: MFA coverage and periodic access reviews for privileged and critical systems need verification. | D6: Identity and access management; multi-factor authentication | E6: ISO 27001; NIST CSF 2.0; DORA | F6: Illustrative assumption; validate configuration evidence and access review samples. | G6: 4 | H6: 5 | I6: =G6*H6 | J6: =IF(I6>=17,"Critical",IF(I6>=10,"High",IF(I6>=5,"Medium","Low"))) | K6: Open | L6: Prioritize MFA for privileged and remote access; implement quarterly access reviews; track exceptions and leaver access removal. | M6: IAM Administrator | N6: 46399 | O6: Confirm exceptions are approved and time-limited. | P6: MFA coverage report; access review records; identity lifecycle tickets
A7: GAP-006 | B7: Vulnerability & Patch Management | C7: Vulnerability discovery, patch SLAs, exception handling, and closure evidence need a consistent process. | D7: Vulnerability management; secure configuration and patch management | E7: ISO 27001; NIST CSF 2.0; DORA | F7: Illustrative assumption; validate scanning cadence, remediation tickets, and patch reports. | G7: 4 | H7: 4 | I7: =G7*H7 | J7: =IF(I7>=17,"Critical",IF(I7>=10,"High",IF(I7>=5,"Medium","Low"))) | K7: Open | L7: Define risk-based patch deadlines; run authorized assessments; prioritize critical findings; report overdue items and approved exceptions. | M7: Security Engineer / IT Operations Manager | N7: 46412 | O7: Reassess based on verified vulnerability and patch metrics. | P7: Scan reports; patch compliance report; remediation tickets
A8: GAP-007 | B8: Logging & Detection | C8: Critical log source coverage, retention, alert ownership, and triage evidence need validation. | D8: Security logging and continuous monitoring | E8: ISO 27001; NIST CSF 2.0; DORA | F8: Illustrative assumption; validate monitoring architecture and sample alert records. | G8: 3 | H8: 5 | I8: =G8*H8 | J8: =IF(I8>=17,"Critical",IF(I8>=10,"High",IF(I8>=5,"Medium","Low"))) | K8: Open | L8: Define critical log sources; centralize logs where appropriate; assign alert owners; test triage and escalation. | M8: SOC Lead | N8: 46409 | O8: Residual risk depends on detection coverage and response time. | P8: Logging standard; source coverage report; alert tickets
A9: GAP-008 | B9: Incident Response | C9: Incident classification, escalation, response roles, exercises, and reporting decision criteria need to be documented. | D9: Incident response plan; incident management and reporting | E9: ISO 27001; NIST CSF 2.0; DORA | F9: Illustrative assumption; validate incident procedures, incident register, and exercise records. | G9: 3 | H9: 5 | I9: =G9*H9 | J9: =IF(I9>=17,"Critical",IF(I9>=10,"High",IF(I9>=5,"Medium","Low"))) | K9: Open | L9: Approve an incident response plan, define severity and escalation criteria, run tabletop exercises, and validate applicable reporting obligations. | M9: Incident Response Lead / Compliance Officer | N9: 46412 | O9: Reassess after an exercise and procedure review. | P9: Approved plan; incident register; exercise report; reporting workflow
A10: GAP-009 | B10: Business Continuity & Recovery | C10: Recovery priorities, RTO/RPO assumptions, backup restoration tests, and recovery communications need evidence. | D10: Business continuity and recovery planning | E10: ISO 27001; NIST CSF 2.0; DORA | F10: Illustrative assumption; validate BCP/DR plans, business impact analysis, and restore tests. | G10: 3 | H10: 5 | I10: =G10*H10 | J10: =IF(I10>=17,"Critical",IF(I10>=10,"High",IF(I10>=5,"Medium","Low"))) | K10: Open | L10: Map critical services; approve recovery objectives; test backup restoration; document recovery roles and communications. | M10: Business Continuity Manager | N10: 46433 | O10: Residual risk remains until successful testing and remediation. | P10: BCP/DR plan; BIA; backup restore results; exercise report
A11: GAP-010 | B11: Third-Party ICT Risk | C11: Supplier criticality, due diligence, ongoing reassessment, contractual security requirements, and exit planning need validation. | D11: Third-party ICT risk management | E11: ISO 27001; NIST CSF 2.0; DORA | F11: Illustrative assumption; validate supplier inventory, contracts, and risk assessments. | G11: 4 | H11: 5 | I11: =G11*H11 | J11: =IF(I11>=17,"Critical",IF(I11>=10,"High",IF(I11>=5,"Medium","Low"))) | K11: Open | L11: Create a risk-tiered ICT supplier register; perform due diligence; review relevant contract clauses; define monitoring and exit plans for critical services. | M11: Third-Party Risk Manager | N11: 46428 | O11: Prioritize critical suppliers and concentration dependencies. | P11: Supplier register; due diligence; contract review; reassessment and exit plans
A12: GAP-011 | B12: Security Awareness | C12: Training completion and role-specific training for privileged or high-risk roles need evidence. | D12: Security awareness and training | E12: ISO 27001; NIST CSF 2.0 | F12: Illustrative assumption; validate training plan and completion records. | G12: 3 | H12: 3 | I12: =G12*H12 | J12: =IF(I12>=17,"Critical",IF(I12>=10,"High",IF(I12>=5,"Medium","Low"))) | K12: Open | L12: Implement annual awareness training and role-based training; monitor completion and target follow-up. | M12: HR / Security Lead | N12: 46419 | O12: Review completion rates and effectiveness measures. | P12: Training plan; completion report; awareness exercise results
A13: GAP-012 | B13: Data Protection | C13: Data classification, encryption coverage, and key-management responsibilities need verification. | D13: Data protection and encryption | E13: ISO 27001; NIST CSF 2.0 | F13: Illustrative assumption; validate data classification and encryption configurations. | G13: 3 | H13: 5 | I13: =G13*H13 | J13: =IF(I13>=17,"Critical",IF(I13>=10,"High",IF(I13>=5,"Medium","Low"))) | K13: Open | L13: Classify sensitive data; verify encryption at rest/in transit where appropriate; document key management and exceptions. | M13: Data Protection / IT Lead | N13: 46402 | O13: Reassess after configuration review and remediation. | P13: Data classification; encryption configuration evidence; key-management procedure
... A15: GAP-014 | B15: Audit & Remediation | C15: Framework mapping gaps, audit findings, owners, deadlines, and closure evidence need a single traceable process. | D15: GRC findings and remediation tracking | E15: ISO 27001; NIST CSF 2.0; DORA | F15: Illustrative assumption; validate current trackers and confirm one source of truth. | G15: 3 | H15: 4 | I15: =G15*H15 | J15: =IF(I15>=17,"Critical",IF(I15>=10,"High",IF(I15>=5,"Medium","Low"))) | K15: Open | L15: Maintain a central findings register with severity, root cause, action owner, due date, status, and independent closure review. | M15: GRC Analyst / Internal Audit | N15: 46446 | O15: Close only after evidence is reviewed and effectiveness is checked. | P15: Findings register; remediation tracker; closure approvals

Sheet Risk Matrix
A1: Risk Scoring Guide
A2: Likelihood / Impact | B2: 1 - Minimal | C2: 2 - Minor | D2: 3 - Moderate | E2: 4 - Major | F2: 5 - Severe
A3: 5 - Almost Certain | B3: 5 — Medium | C3: 10 — High | D3: 15 — High | E3: 20 — Critical | F3: 25 — Critical
A4: 4 - Likely | B4: 4 — Low | C4: 8 — Medium | D4: 12 — High | E4: 16 — High | F4: 20 — Critical
A5: 3 - Possible | B5: 3 — Low | C5: 6 — Medium | D5: 9 — Medium | E5: 12 — High | F5: 15 — High
A6: 2 - Unlikely | B6: 2 — Low | C6: 4 — Low | D6: 6 — Medium | E6: 8 — Medium | F6: 10 — High
A7: 1 - Rare | B7: 1 — Low | C7: 2 — Low | D7: 3 — Low | E7: 4 — Low | F7: 5 — Medium
A10: Scoring formula | B10: Inherent Risk Score = Likelihood × Impact (each rated 1–5).
A11: Rating bands | B11: 1–4 Low | 5–9 Medium | 10–16 High | 17–25 Critical
A13: Important | B13: These ratings are illustrative starting assumptions for a fictional case. Validate likelihood, impact, and risk appetite before using conclusions.
