Workbook

Sheet Summary
A1: BalticTrust Bank — Remediation Tracker Summary
A2: Metric | B2: Value | C2: Purpose
A3: Total actions | B3: =COUNTA('Remediation Tracker'!A2:A11) | C3: All example actions in the tracker
A4: Critical priority | B4: =COUNTIF('Remediation Tracker'!E2:E11,"Critical") | C4: Review immediately and validate urgency
A5: High priority | B5: =COUNTIF('Remediation Tracker'!E2:E11,"High") | C5: Plan timely remediation
A6: Not started | B6: =COUNTIF('Remediation Tracker'!M2:M11,"Not Started") | C6: Actions not yet underway
A7: In progress | B7: =COUNTIF('Remediation Tracker'!M2:M11,"In Progress") | C7: Actions underway
A8: Blocked | B8: =COUNTIF('Remediation Tracker'!M2:M11,"Blocked") | C8: Resolve dependency or escalation
A9: Overdue | B9: =COUNTIF('Remediation Tracker'!P2:P11,"Overdue") | C9: Check target dates and escalate
A10: Due soon | B10: =COUNTIF('Remediation Tracker'!P2:P11,"Due soon") | C10: Review actions due within 14 days
A11: Closed | B11: =COUNTIF('Remediation Tracker'!M2:M11,"Closed") | C11: Close only after evidence review

Sheet Read Me
A1: BalticTrust Bank — Remediation Tracker
A3: Purpose | B3: Track corrective actions arising from the illustrative GRC gap assessment and audit findings register.
A4: Workbook sheets | B4: Summary: action counts and schedule health. Remediation Tracker: action details, owner, priority, progress, due dates, blockers, evidence, and closure review.
A5: How to use | B5: Validate each action against your findings. Update owner, supporting team, target date, status, and percentage complete. Add evidence links or references that do not expose secrets or personal data.
A6: Schedule health | B6: Calculated from the target date and current date: Overdue means target date has passed; Due soon means target date is within 14 days; On track means more than 14 days remain; Closed follows status. Confirm formula behavior in your spreadsheet application.
A7: Status definitions | B7: Not Started = no work begun; In Progress = work underway; Blocked = a dependency prevents progress; Ready for Review = action is reported complete and awaiting validation; Closed = closure evidence reviewed; Accepted Risk = formally approved risk acceptance.
A8: Closure criteria | B8: Do not close an action merely because work is reported complete. Record objective evidence, have the designated reviewer assess it, and document the closure date.
A9: Portfolio disclaimer | B9: BalticTrust Bank is fictional. Actions, owners, dates, and priorities are illustrative examples and are not evidence of actual remediation. Adapt them to the validated findings and approved risk method.
A10: Suggested workflow | B10: Audit finding → corrective action → owner and due date → evidence collection → reviewer validation → closure or further action.

Sheet Remediation Tracker
A1: Action ID | B1: Linked Finding ID | C1: Action Title | D1: Related Domain | E1: Priority | F1: Root Cause / Gap Addressed | G1: Remediation Task | H1: Success Criteria | I1: Accountable Owner | J1: Supporting Team | K1: Date Raised | L1: Target Date | M1: Status | N1: % Complete | O1: Days Until Due | P1: Schedule Health | Q1: Dependency / Blocker | R1: Evidence Link / Reference | S1: Closure Reviewer | T1: Closure Date | U1: Notes
A2: ACT-001 | B2: AF-001 | C2: Formalize cybersecurity risk governance | D2: Governance | E2: High | F2: Management review cadence and evidence expectations may not be assigned. | G2: Create a quarterly ICT/cyber risk review pack, meeting agenda, decision log, and action tracker. | H2: A review is held, decisions and owners are recorded, and overdue actions are followed up. | I2: Risk & Compliance Lead | J2: Security; IT Operations | K2: 46304 | L2: 46402 | M2: Not Started | N2: 0 | O2: =IF(L2="","",L2-TODAY()) | P2: =IF(M2="Closed","Closed",IF(L2="","No target date",IF(L2<TODAY(),"Overdue",IF(L2-TODAY()<=14,"Due soon","On track")))) | Q2: Agree governance forum and attendees. | R2: Simulated evidence: meeting pack and action log | S2: GRC Reviewer | U2: Illustrative action; validate scope and owners.
A3: ACT-002 | B3: AF-002 | C3: Reconcile asset inventory | D3: Asset Management | E3: High | F3: Inventory ownership, criticality, lifecycle, or dependencies may be incomplete. | G3: Review asset records with service owners; assign owner, criticality, lifecycle status, and service dependency fields. | H3: All in-scope critical assets have an owner and criticality; reconciliation exceptions are tracked. | I3: IT Operations Manager | J3: Application owners; Infrastructure | K3: 46304 | L3: 46376 | M3: Not Started | N3: 0 | O3: =IF(L3="","",L3-TODAY()) | P3: =IF(M3="Closed","Closed",IF(L3="","No target date",IF(L3<TODAY(),"Overdue",IF(L3-TODAY()<=14,"Due soon","On track")))) | Q3: Obtain current inventory and owner confirmations. | R3: Updated asset inventory; reconciliation log | S3: IT Risk Reviewer | U3: Cross-reference 02-Asset-Inventory.
A4: ACT-003 | B4: AF-003 | C4: Standardize risk treatment approvals | D4: Risk Management | E4: High | F4: Risk treatment and residual-risk approval trail may be inconsistent. | G4: Document scoring criteria and treatment options; record risk owner, action, due date, residual risk, and approval. | H4: Risk register entries contain documented treatment decisions and authorized residual-risk approvals. | I4: ICT Risk Manager | J4: GRC; control owners | K4: 46304 | L4: 46378 | M4: Not Started | N4: 0 | O4: =IF(L4="","",L4-TODAY()) | P4: =IF(M4="Closed","Closed",IF(L4="","No target date",IF(L4<TODAY(),"Overdue",IF(L4-TODAY()<=14,"Due soon","On track")))) | Q4: Agree risk appetite and approval authority. | R4: Updated risk register; treatment approvals | S4: GRC Reviewer | U4: Cross-reference 03-Risk-Assessment.
A5: ACT-004 | B5: AF-004 | C5: Verify privileged access and MFA | D5: Identity & Access | E5: Critical | F5: MFA coverage and access review evidence need verification. | G5: Review privileged and remote access; verify MFA coverage; remove unnecessary access; document time-limited exceptions. | H5: MFA coverage is evidenced for defined in-scope access; access review exceptions have owners and approvals. | I5: IAM Administrator | J5: Security; IT Operations | K5: 46304 | L5: 46399 | M5: Not Started | N5: 0 | O5: =IF(L5="","",L5-TODAY()) | P5: =IF(M5="Closed","Closed",IF(L5="","No target date",IF(L5<TODAY(),"Overdue",IF(L5-TODAY()<=14,"Due soon","On track")))) | Q5: Access to identity configuration and group listings. | R5: MFA report; access review sign-off; exception log | S5: Security Reviewer | U5: Use simulated evidence only in public portfolio.
A6: ACT-005 | B6: AF-005 | C6: Improve vulnerability remediation tracking | D6: Vulnerability Management | E6: High | F6: Risk-based patch timelines and exception handling may be inconsistent. | G6: Define remediation SLAs by severity; link authorized scan results to tickets; report overdue findings and exceptions. | H6: Findings have a severity, owner, target date, status, and verified closure evidence. | I6: Security Engineer | J6: IT Operations; Change Management | K6: 46304 | L6: 46412 | M6: Not Started | N6: 0 | O6: =IF(L6="","",L6-TODAY()) | P6: =IF(M6="Closed","Closed",IF(L6="","No target date",IF(L6<TODAY(),"Overdue",IF(L6-TODAY()<=14,"Due soon","On track")))) | Q6: Agree remediation SLAs and change windows. | R6: Sample scan report; patch report; remediation tickets | S6: Security Reviewer | U6: Use authorized testing and non-sensitive sample data.
A7: ACT-006 | B7: AF-006 | C7: Exercise incident response workflow | D7: Incident Management | E7: High | F7: Incident roles, escalation, exercise schedule, and reporting decision criteria may be unclear. | G7: Approve severity matrix and response procedure; run a tabletop exercise; record lessons and corrective actions. | H7: Exercise completed; lessons assigned to owners; reporting decision process documented and reviewed. | I7: Incident Response Lead | J7: Compliance; IT; Communications | K7: 46304 | L7: 46412 | M7: Not Started | N7: 0 | O7: =IF(L7="","",L7-TODAY()) | P7: =IF(M7="Closed","Closed",IF(L7="","No target date",IF(L7<TODAY(),"Overdue",IF(L7-TODAY()<=14,"Due soon","On track")))) | Q7: Confirm participant availability and scenario. | R7: Approved procedure; tabletop report; action log | S7: GRC Reviewer | U7: Validate regulatory requirements against current official sources.
A8: ACT-007 | B8: AF-007 | C8: Test backup restoration and recovery | D8: Business Continuity & Recovery | E8: High | F8: Recovery objectives and restoration test evidence may be incomplete. | G8: Define recovery objectives for critical services; perform a controlled restore test; document results and lessons. | H8: Restore tests record expected versus actual recovery and have follow-up actions for exceptions. | I8: Business Continuity Manager | J8: IT Operations; Service owners | K8: 46304 | L8: 46433 | M8: Not Started | N8: 0 | O8: =IF(L8="","",L8-TODAY()) | P8: =IF(M8="Closed","Closed",IF(L8="","No target date",IF(L8<TODAY(),"Overdue",IF(L8-TODAY()<=14,"Due soon","On track")))) | Q8: Agree test scope and change window. | R8: Recovery plan; restore-test report; action log | S8: Business Continuity Reviewer | U8: Coordinate testing to avoid unintended service disruption.
A9: ACT-008 | B9: AF-008 | C9: Review critical ICT suppliers | D9: Third-Party ICT Risk | E9: High | F9: Supplier tiering, due diligence, contract review, and exit planning may need improvement. | G9: Identify critical suppliers; complete risk-tiered due diligence; review relevant contract clauses and exit options. | H9: Critical suppliers have current assessments, documented decisions, and tracked contractual or exit-plan gaps. | I9: Third-Party Risk Manager | J9: Procurement; Legal; IT | K9: 46304 | L9: 46428 | M9: Not Started | N9: 0 | O9: =IF(L9="","",L9-TODAY()) | P9: =IF(M9="Closed","Closed",IF(L9="","No target date",IF(L9<TODAY(),"Overdue",IF(L9-TODAY()<=14,"Due soon","On track")))) | Q9: Obtain supplier register and relevant contracts. | R9: Supplier register; due diligence; contract review | S9: Third-Party Risk Reviewer | U9: Validate legal and contract-specific obligations.
A10: ACT-009 | B10: AF-009 | C10: Validate framework mapping traceability | D10: GRC / Compliance | E10: Medium | F10: Mapping review and approval process may not be formally defined. | G10: Review internal control-to-framework references, applicability, evidence, and exceptions; record reviewer and date. | H10: Mappings have documented validation status, evidence references, and accountable reviewers. | I10: GRC Analyst | J10: Security; Compliance | K10: 46304 | L10: 46446 | M10: Not Started | N10: 0 | O10: =IF(L10="","",L10-TODAY()) | P10: =IF(M10="Closed","Closed",IF(L10="","No target date",IF(L10<TODAY(),"Overdue",IF(L10-TODAY()<=14,"Due soon","On track")))) | Q10: Confirm authoritative framework versions and internal control IDs. | R10: Reviewed mappings; validation log; evidence index | S10: GRC Lead | U10: Mapping does not establish certification or compliance.
A11: ACT-010 | B11: AF-010 | C11: Establish closure review process | D11: Assurance & Improvement | E11: Medium | F11: Finding closure criteria and independent review may not be consistently established. | G11: Use one central findings/action tracker; define escalation and closure criteria; require evidence review before closure. | H11: Each action has one accountable owner, due date, status, and documented closure review. | I11: GRC Analyst / Internal Audit | J11: Control owners; Management | K11: 46304 | L11: 46446 | M11: Not Started | N11: 0 | O11: =IF(L11="","",L11-TODAY()) | P11: =IF(M11="Closed","Closed",IF(L11="","No target date",IF(L11<TODAY(),"Overdue",IF(L11-TODAY()<=14,"Due soon","On track")))) | Q11: Agree central tracker owner and closure authority. | R11: Remediation tracker; closure evidence; reviewer sign-off | S11: GRC Lead | U11: Use with 08-GRC-Gap-Assessment and 09-Audit-Findings-Register.
